{"name":"Pitiful Worm","bones":[{"position":{"x":3.725290653733282e-8,"y":0.10000002384185791,"z":-0.09999848902225495},"rotation":{"x":0.0,"y":0.0,"z":0.0,"w":1.0000001192092896},"weight":0.0},{"position":{"x":-2.2351741790771486e-8,"y":0.10000002384185791,"z":0.09999848902225495},"rotation":{"x":0.0,"y":0.0,"z":0.0,"w":1.0000001192092896},"weight":0.0}],"attachedBodyParts":[],"patternID":"","scale":{"x":1.0,"y":1.0},"offset":{"x":0.0,"y":0.0},"primaryColour":{"r":1.0,"g":1.0,"b":1.0,"a":1.0},"secondaryColour":{"r":0.0,"g":0.0,"b":0.0,"a":1.0},"shine":0.0,"metallic":0.0,"references":{"version":2,"RefIds":[]}}